De,Para,Tipo de migração,Qtd de conteúdos,Qtd de arquivos,Verificar Cópias,Hierarquia,Visibilidade,Menu Lateral,Breadcrumb,Vocabulário,Categoria,Pontos de atenção,Redes sociais,Tipo de página,Nome da página,Link da página para a qual redireciona,Complexidade,Layout,Data Descoberta
https://www.sepd.df.gov.br/,,Manual,1,1,"=SE(CONT.SE(A:A; A3) > 1; ""Duplicado""; ""Único"")",Raiz > Institucional,Menu,-,Raiz > Institucional,,-,Página com Colapsável,-,Página Definida,-,-,-,1 Coluna
https://www.sepd.df.gov.br/agenda-do-secretario/,,Manual,1,1,"=SE(CONT.SE(A:A; A3) > 1; ""Duplicado""; ""Único"")",Raiz > Agenda do Secretario,Menu,-,Secretaria da Pessoa com Deficiência > Agenda do Secretario,,-,Página com Colapsável,-,Página Definida,-,-,-,1 Coluna
https://www.sepd.df.gov.br/atual-composicao/,,Manual,2,0,"=SE(CONT.SE(A:A; A3) > 1; ""Duplicado""; ""Único"")",Raiz > Atual composição,Menu,-,Secretaria da Pessoa com Deficiência > Atual composição,,-,-,-,Página Definida,-,-,-,1 Coluna
https://www.sepd.df.gov.br/banner-programas/,,Manual,2,0,"=SE(CONT.SE(A:A; A3) > 1; ""Duplicado""; ""Único"")",Raiz > Banner Programas,Menu,-,Secretaria da Pessoa com Deficiência > Banner Programas,,-,-,-,Página Definida,-,-,-,1 Coluna
https://www.sepd.df.gov.br/category/carta-de-servicos/,,Manual,1,0,"=SE(CONT.SE(A:A; A3) > 1; ""Duplicado""; ""Único"")",Raiz > Carta de Serviços,Menu,Carta de Serviços,Secretaria da Pessoa com Deficiência > Carta de Serviços,,-,-,-,Página Definida,-,-,-,30/70
https://www.sepd.df.gov.br/category/cartilhas-sepd/,,Manual,0,0,"=SE(CONT.SE(A:A; A3) > 1; ""Duplicado""; ""Único"")",Raiz > Cartilhas SEPD,Menu,-,Secretaria da Pessoa com Deficiência > Cartilhas SEPD,,-,-,-,Página Definida,-,-,-,1 Coluna
https://www.sepd.df.gov.br/category/central-de-libras/,,Manual,0,0,"=SE(CONT.SE(A:A; A3) > 1; ""Duplicado""; ""Único"")",Raiz > Central de Libras,Menu,-,Secretaria da Pessoa com Deficiência > Central de Libras,,-,-,-,Página Definida,-,-,-,1 Coluna
https://www.sepd.df.gov.br/certificados/,,Manual,2,2,"=SE(CONT.SE(A:A; A3) > 1; ""Duplicado""; ""Único"")",Raiz > Certificados,Menu,-,Secretaria da Pessoa com Deficiência > Certificados,,-,-,-,Página Definida,-,-,-,1 Coluna
https://www.sepd.df.gov.br/category/comunicacao/,,Manual,0,0,"=SE(CONT.SE(A:A; A3) > 1; ""Duplicado""; ""Único"")",Raiz > Comunicação,Menu,-,Secretaria da Pessoa com Deficiência > Comunicação,,-,-,-,Página Definida,-,-,-,1 Coluna
https://www.sepd.df.gov.br/category/destaques-da-secretaria/,,Manual,0,0,"=SE(CONT.SE(A:A; A3) > 1; ""Duplicado""; ""Único"")",Raiz > Destaques da secretaria,Menu,-,Secretaria da Pessoa com Deficiência > Destaques da secretaria,,-,-,-,Página Definida,-,-,-,1 Coluna
https://www.sepd.df.gov.br/category/direitos-pcd/,,Manual,0,0,"=SE(CONT.SE(A:A; A3) > 1; ""Duplicado""; ""Único"")",Raiz > Direitos PcD,Menu,-,Secretaria da Pessoa com Deficiência > Direitos PcD,,-,-,-,Página Definida,-,-,-,1 Coluna
https://www.sepd.df.gov.br/category/empregabilidade/,,Manual,0,0,"=SE(CONT.SE(A:A; A3) > 1; ""Duplicado""; ""Único"")",Raiz > Empregabilidade,Menu,-,Secretaria da Pessoa com Deficiência > Empregabilidade,,-,-,-,Página Definida,-,-,-,1 Coluna
http://www.sepd.df.gov.br/fale-com-a-secretaria/,,Manual,1,1,"=SE(CONT.SE(A:A; A3) > 1; ""Duplicado""; ""Único"")",Raiz > Fale com a secretaria,Menu,-,Secretaria da Pessoa com Deficiência > Fale com a secretaria,,-,Página com Colapsável,-,Página Definida,-,-,-,1 Coluna
https://www.sepd.df.gov.br/fale-com-a-secretaria/,,Manual,1,1,"=SE(CONT.SE(A:A; A3) > 1; ""Duplicado""; ""Único"")",Raiz > Fale com a secretaria,Menu,-,Secretaria da Pessoa com Deficiência > Fale com a secretaria,,-,Página com Colapsável,-,Página Definida,-,-,-,1 Coluna
https://www.sepd.df.gov.br/gerenciar-modulos-da-home/,,Manual,2,0,"=SE(CONT.SE(A:A; A3) > 1; ""Duplicado""; ""Único"")",Raiz > Gerenciar Módulos da Home,Menu,-,Secretaria da Pessoa com Deficiência > Gerenciar Módulos da Home,,-,-,-,Página Definida,-,-,-,1 Coluna
https://www.sepd.df.gov.br/category/legislacao/,,Manual,0,0,"=SE(CONT.SE(A:A; A3) > 1; ""Duplicado""; ""Único"")",Raiz > Legislação,Menu,-,Secretaria da Pessoa com Deficiência > Legislação,,-,-,-,Página Definida,-,-,-,1 Coluna
https://www.sepd.df.gov.br/legislacao-distrital/,,Manual,2,0,"=SE(CONT.SE(A:A; A3) > 1; ""Duplicado""; ""Único"")",Raiz > Legislação Distrital,Menu,-,Secretaria da Pessoa com Deficiência > Legislação Distrital,,-,-,-,Página Definida,-,-,-,1 Coluna
http://www.sepd.df.gov.br/category/acesso-a-informacao/,,Manual,1,0,"=SE(CONT.SE(A:A; A3) > 1; ""Duplicado""; ""Único"")",Raiz > Lei de Acesso à Informação,Menu,Lei de Acesso à Informação,Secretaria da Pessoa com Deficiência > Lei de Acesso à Informação,,-,-,-,Página Definida,-,-,-,30/70
https://www.sepd.df.gov.br/category/acesso-a-informacao/,,Manual,1,0,"=SE(CONT.SE(A:A; A3) > 1; ""Duplicado""; ""Único"")",Raiz > Lei de Acesso à Informação,Menu,Lei de Acesso à Informação,Secretaria da Pessoa com Deficiência > Lei de Acesso à Informação,,-,-,-,Página Definida,-,-,-,30/70
https://www.sepd.df.gov.br/menu-sec/,,Manual,2,0,"=SE(CONT.SE(A:A; A3) > 1; ""Duplicado""; ""Único"")",Raiz > Menu SEC,Menu,-,Secretaria da Pessoa com Deficiência > Menu SEC,,-,-,-,Página Definida,-,-,-,1 Coluna
https://www.sepd.df.gov.br/category/noticias/,,Manual,1,1,"=SE(CONT.SE(A:A; A3) > 1; ""Duplicado""; ""Único"")",Raiz > Notícias,Menu,-,Secretaria da Pessoa com Deficiência > Notícias,,-,Página com Colapsável,-,Página Definida,-,-,-,1 Coluna
http://www.sepd.df.gov.br/category/ouvidoria/,,Manual,1,0,"=SE(CONT.SE(A:A; A3) > 1; ""Duplicado""; ""Único"")",Raiz > Ouvidoria,Menu,Ouvidoria da Secretaria,Secretaria da Pessoa com Deficiência > Ouvidoria,,-,-,-,Página Definida,-,-,-,30/70
https://www.sepd.df.gov.br/18760-2/,,Manual,1,0,"=SE(CONT.SE(A:A; A3) > 1; ""Duplicado""; ""Único"")",Raiz > Ouvidoria,Menu,Ouvidoria,Secretaria da Pessoa com Deficiência > Ouvidoria,,-,-,-,Página Definida,-,-,-,30/70
https://www.sepd.df.gov.br/category/ouvidoria/,,Manual,1,0,"=SE(CONT.SE(A:A; A3) > 1; ""Duplicado""; ""Único"")",Raiz > Ouvidoria,Menu,Ouvidoria da Secretaria,Secretaria da Pessoa com Deficiência > Ouvidoria,,-,-,-,Página Definida,-,-,-,30/70
https://www.sepd.df.gov.br/pagina-exemplo/,,Manual,2,0,"=SE(CONT.SE(A:A; A3) > 1; ""Duplicado""; ""Único"")",Raiz > Página inicial,Menu,-,Secretaria da Pessoa com Deficiência > Página inicial,,-,-,-,Página Definida,-,-,-,1 Coluna
https://www.sepd.df.gov.br/saiba-mais/,,Manual,2,0,"=SE(CONT.SE(A:A; A3) > 1; ""Duplicado""; ""Único"")",Raiz > Saiba Mais,Menu,-,Secretaria da Pessoa com Deficiência > Saiba Mais,,-,Página com Tabelas Complexas,-,Página Definida,-,-,-,1 Coluna
https://www.sepd.df.gov.br/category/transparencia/,,Manual,0,0,"=SE(CONT.SE(A:A; A3) > 1; ""Duplicado""; ""Único"")",Raiz > TRANSPARENCIA-4-BOTOES,Menu,-,Secretaria da Pessoa com Deficiência > TRANSPARENCIA-4-BOTOES,,-,-,-,Página Definida,-,-,-,1 Coluna
https://www.sepd.df.gov.br/video/,,Manual,2,0,"=SE(CONT.SE(A:A; A3) > 1; ""Duplicado""; ""Único"")",Raiz > Vídeo,Menu,-,Secretaria da Pessoa com Deficiência > Vídeo,,-,-,-,Página Definida,-,-,-,1 Coluna
https://www.sepd.df.gov.br/audio/,,Manual,2,0,"=SE(CONT.SE(A:A; A3) > 1; ""Duplicado""; ""Único"")",Raiz > audio,Menu,-,Secretaria da Pessoa com Deficiência > audio,,-,-,-,Página Definida,-,-,-,1 Coluna
https://www.sepd.df.gov.br/flickr/,,Manual,2,0,"=SE(CONT.SE(A:A; A3) > 1; ""Duplicado""; ""Único"")",Raiz > flickr,Menu,-,Secretaria da Pessoa com Deficiência > flickr,,-,-,-,Página Definida,-,-,-,1 Coluna
https://www.sepd.df.gov.br/apresentacao-da-carta/,,Manual,1,0,"=SE(CONT.SE(A:A; A3) > 1; ""Duplicado""; ""Único"")",Raiz > Carta de Serviços > Apresentação da Carta,Oculta,Carta de Serviços,Secretaria da Pessoa com Deficiência > Carta de Serviços > Apresentação da Carta,,-,-,-,Página de Widget,-,-,-,30/70
https://www.sepd.df.gov.br/atendimento-a-advogados-e-cidadaos/,,Manual,1,0,"=SE(CONT.SE(A:A; A3) > 1; ""Duplicado""; ""Único"")",Raiz > Carta de Serviços > Atendimento a Advogados e Cidadãos,Oculta,Carta de Serviços,Secretaria da Pessoa com Deficiência > Carta de Serviços > Atendimento a Advogados e Cidadãos,,-,-,-,Página de Widget,-,-,-,30/70
https://www.sepd.df.gov.br/avalie-as-cartas-de-servicos-ao-cidadao/,,Manual,1,0,"=SE(CONT.SE(A:A; A3) > 1; ""Duplicado""; ""Único"")",Raiz > Carta de Serviços > Avalie as Cartas de Serviços ao Cidadão,Oculta,Carta de Serviços,Secretaria da Pessoa com Deficiência > Carta de Serviços > Avalie as Cartas de Serviços ao Cidadão,,-,-,-,Página de Widget,-,-,-,30/70
https://www.sepd.df.gov.br/cadastro-ortese-e-proteses/,,Manual,2,0,"=SE(CONT.SE(A:A; A3) > 1; ""Duplicado""; ""Único"")",Raiz > Carta de Serviços > Cadastro Órtese e Próteses,Oculta,-,Secretaria da Pessoa com Deficiência > Carta de Serviços > Cadastro Órtese e Próteses,,-,-,-,Página de Widget,-,-,-,1 Coluna
https://www.sepd.df.gov.br/21775-2/,,Manual,2,1,"=SE(CONT.SE(A:A; A3) > 1; ""Duplicado""; ""Único"")",Raiz > Carta de Serviços > Cartilha Evento Acessível,Oculta,-,Secretaria da Pessoa com Deficiência > Carta de Serviços > Cartilha Evento Acessível,,-,-,-,Página de Widget,-,-,-,1 Coluna
https://www.sepd.df.gov.br/central-de-interpretacao-de-libras-cil-gdf/,,Manual,2,0,"=SE(CONT.SE(A:A; A3) > 1; ""Duplicado""; ""Único"")",Raiz > Carta de Serviços > Central de Interpretação de Libras (CIL) – GDF,Oculta,-,Secretaria da Pessoa com Deficiência > Carta de Serviços > Central de Interpretação de Libras (CIL) – GDF,,-,-,-,Página de Widget,-,-,-,1 Coluna
https://www.sepd.df.gov.br/ortese-e-protese/,,Manual,2,0,"=SE(CONT.SE(A:A; A3) > 1; ""Duplicado""; ""Único"")",Raiz > Carta de Serviços > Gerência de Órtese e Prótese,Oculta,-,Secretaria da Pessoa com Deficiência > Carta de Serviços > Gerência de Órtese e Prótese,,-,-,-,Página de Widget,-,-,-,1 Coluna
https://www.sepd.df.gov.br/imprima-aqui-a-carta-de-servicos/,,Manual,1,0,"=SE(CONT.SE(A:A; A3) > 1; ""Duplicado""; ""Único"")",Raiz > Carta de Serviços > Imprima aqui a Carta de Serviços,Oculta,Carta de Serviços,Secretaria da Pessoa com Deficiência > Carta de Serviços > Imprima aqui a Carta de Serviços,,-,-,-,Página de Widget,-,-,-,30/70
https://www.sepd.df.gov.br/manual-da-empregabilidade/,,Manual,2,0,"=SE(CONT.SE(A:A; A3) > 1; ""Duplicado""; ""Único"")",Raiz > Carta de Serviços > Manual da Empregabilidade,Oculta,-,Secretaria da Pessoa com Deficiência > Carta de Serviços > Manual da Empregabilidade,,-,-,-,Página de Widget,-,-,-,1 Coluna
https://www.sepd.df.gov.br/ouvidoria-2/,,Manual,1,0,"=SE(CONT.SE(A:A; A3) > 1; ""Duplicado""; ""Único"")",Raiz > Carta de Serviços > Ouvidoria,Oculta,Carta de Serviços,Secretaria da Pessoa com Deficiência > Carta de Serviços > Ouvidoria,,-,-,-,Página de Widget,-,-,-,30/70
https://www.sepd.df.gov.br/passe-livre-especial-brb-mobilidade-2/,,Manual,2,0,"=SE(CONT.SE(A:A; A3) > 1; ""Duplicado""; ""Único"")",Raiz > Carta de Serviços > Passe Livre Especial (BRB Mobilidade),Oculta,-,Secretaria da Pessoa com Deficiência > Carta de Serviços > Passe Livre Especial (BRB Mobilidade),,-,-,-,Página de Widget,-,-,-,1 Coluna
https://www.sepd.df.gov.br/servico-de-informacoes-ao-cidadao-sic/,,Manual,1,0,"=SE(CONT.SE(A:A; A3) > 1; ""Duplicado""; ""Único"")",Raiz > Carta de Serviços > Serviço de Informações ao Cidadão – SIC,Oculta,Carta de Serviços,Secretaria da Pessoa com Deficiência > Carta de Serviços > Serviço de Informações ao Cidadão – SIC,,-,-,-,Página de Widget,-,-,-,30/70
https://www.sepd.df.gov.br/texto_carta_de_servicos/,,Manual,1,0,"=SE(CONT.SE(A:A; A3) > 1; ""Duplicado""; ""Único"")",Raiz > Carta de Serviços > texto_carta_de_servicos,Oculta,Carta de Serviços,Secretaria da Pessoa com Deficiência > Carta de Serviços > texto_carta_de_servicos,,-,-,-,Página de Widget,-,-,-,30/70
https://www.sepd.df.gov.br/assessoria-de-imprensa/,,Manual,2,0,"=SE(CONT.SE(A:A; A3) > 1; ""Duplicado""; ""Único"")",Raiz > Comunicação > Assessoria de imprensa,Oculta,-,Secretaria da Pessoa com Deficiência > Comunicação > Assessoria de imprensa,,-,-,-,Página de Widget,-,-,-,1 Coluna
https://www.sepd.df.gov.br/live-sepd-apresenta-politicas-publicas-para-pessoas-com-deficiencia-no-df/,,Manual,2,0,"=SE(CONT.SE(A:A; A3) > 1; ""Duplicado""; ""Único"")",Raiz > Destaques da secretaria > “Live SEPD” apresenta políticas públicas para pessoas com deficiência no DF,Oculta,-,Secretaria da Pessoa com Deficiência > Destaques da secretaria > “Live SEPD” apresenta políticas públicas para pessoas com deficiência no DF,,-,-,-,Página de Widget,-,-,-,1 Coluna
https://www.sepd.df.gov.br/cadpcd/,,Manual,2,1,"=SE(CONT.SE(A:A; A3) > 1; ""Duplicado""; ""Único"")",Raiz > Direitos PcD > Cadastro da Pessoa com Deficiência,Oculta,-,Secretaria da Pessoa com Deficiência > Direitos PcD > Cadastro da Pessoa com Deficiência,,-,-,-,Página de Widget,-,-,-,1 Coluna
https://www.sepd.df.gov.br/passe-livre-especial-saiba-como-pedir-o-seu/,,Manual,2,0,"=SE(CONT.SE(A:A; A3) > 1; ""Duplicado""; ""Único"")",Raiz > Direitos PcD > Como solicitar o Passe Livre Especial,Oculta,-,Secretaria da Pessoa com Deficiência > Direitos PcD > Como solicitar o Passe Livre Especial,,-,-,-,Página de Widget,-,-,-,1 Coluna
https://www.sepd.df.gov.br/saiba-como-solicitar-cadeira-de-rodas/,,Manual,2,0,"=SE(CONT.SE(A:A; A3) > 1; ""Duplicado""; ""Único"")",Raiz > Direitos PcD > Saiba como solicitar sua cadeira de rodas,Oculta,-,Secretaria da Pessoa com Deficiência > Direitos PcD > Saiba como solicitar sua cadeira de rodas,,-,-,-,Página de Widget,-,-,-,1 Coluna
https://www.sepd.df.gov.br/category/empregabilidade/cadastro-de-empregabilidade/,,Manual,0,0,"=SE(CONT.SE(A:A; A3) > 1; ""Duplicado""; ""Único"")",Raiz > Empregabilidade > Cadastro de Empregabilidade,Oculta,-,Secretaria da Pessoa com Deficiência > Empregabilidade > Cadastro de Empregabilidade,,-,-,-,Página de Widget,-,-,-,1 Coluna
https://www.sepd.df.gov.br/historico-2/,,Manual,2,0,"=SE(CONT.SE(A:A; A3) > 1; ""Duplicado""; ""Único"")",Raiz > Empregabilidade > Cadastro de Empregabilidade,Oculta,-,Secretaria da Pessoa com Deficiência > Empregabilidade > Cadastro de Empregabilidade,,-,-,-,Página de Widget,-,-,-,1 Coluna
https://www.sepd.df.gov.br/legislacao-federal/,,Manual,2,0,"=SE(CONT.SE(A:A; A3) > 1; ""Duplicado""; ""Único"")",Raiz > Legislação > Legislação federal,Oculta,-,Secretaria da Pessoa com Deficiência > Legislação > Legislação federal,,-,-,-,Página de Widget,-,-,-,1 Coluna
https://www.sepd.df.gov.br/sobre-licitacoes/,,Manual,2,0,"=SE(CONT.SE(A:A; A3) > 1; ""Duplicado""; ""Único"")",Raiz > Lei de Acesso à Informação > Licitações,Oculta,-,Secretaria da Pessoa com Deficiência > Lei de Acesso à Informação > Licitações,,-,-,-,Página de Widget,-,-,-,1 Coluna
https://www.sepd.df.gov.br/19495-2/,,Manual,2,0,"=SE(CONT.SE(A:A; A3) > 1; ""Duplicado""; ""Único"")",Raiz > Lei de Acesso à Informação > Perguntas Frequentes da SEPD/DF,Oculta,-,Secretaria da Pessoa com Deficiência > Lei de Acesso à Informação > Perguntas Frequentes da SEPD/DF,,-,-,-,Página de Widget,-,-,-,1 Coluna
https://www.sepd.df.gov.br/consulta-aos-servidores/,,Manual,2,0,"=SE(CONT.SE(A:A; A3) > 1; ""Duplicado""; ""Único"")",Raiz > Lei de Acesso à Informação > Servidores,Oculta,-,Secretaria da Pessoa com Deficiência > Lei de Acesso à Informação > Servidores,,-,-,-,Página de Widget,-,-,-,1 Coluna
https://www.sepd.df.gov.br/servico-de-informacao-ao-cidadao-sic/,,Manual,2,2,"=SE(CONT.SE(A:A; A3) > 1; ""Duplicado""; ""Único"")",Raiz > Lei de Acesso à Informação > Serviço de Informação ao Cidadão – SIC,Oculta,-,Secretaria da Pessoa com Deficiência > Lei de Acesso à Informação > Serviço de Informação ao Cidadão – SIC,,-,-,-,Página de Widget,-,-,-,1 Coluna
https://www.sepd.df.gov.br/sobre-acoes-e-programas/,,Manual,6,3,"=SE(CONT.SE(A:A; A3) > 1; ""Duplicado""; ""Único"")",Raiz > Lei de Acesso à Informação > Sobre Ações e Programas,Oculta,-,Secretaria da Pessoa com Deficiência > Lei de Acesso à Informação > Sobre Ações e Programas,,-,Página com Colapsável,-,Página de Widget,-,-,-,1 Coluna
https://www.sepd.df.gov.br/menu-sec/atas/,,Manual,2,0,"=SE(CONT.SE(A:A; A3) > 1; ""Duplicado""; ""Único"")",Raiz > Menu SEC > Atas,Oculta,-,Secretaria da Pessoa com Deficiência > Menu SEC > Atas,,-,-,-,Página de Widget,-,-,-,1 Coluna
http://www.sepd.df.gov.br/menu-sec/cil/,,Manual,2,0,"=SE(CONT.SE(A:A; A3) > 1; ""Duplicado""; ""Único"")",Raiz > Menu SEC > Central de Intermediação em Libras (CIL) – GDF,Oculta,-,Secretaria da Pessoa com Deficiência > Menu SEC > Central de Intermediação em Libras (CIL) – GDF,,-,-,-,Página de Widget,-,-,-,1 Coluna
https://www.sepd.df.gov.br/menu-sec/cil/,,Manual,2,0,"=SE(CONT.SE(A:A; A3) > 1; ""Duplicado""; ""Único"")",Raiz > Menu SEC > Central de Intermediação em Libras (CIL) – GDF,Oculta,-,Secretaria da Pessoa com Deficiência > Menu SEC > Central de Intermediação em Libras (CIL) – GDF,,-,-,-,Página de Widget,-,-,-,1 Coluna
https://www.sepd.df.gov.br/menu-sec/legislacao-federal/,,Manual,2,0,"=SE(CONT.SE(A:A; A3) > 1; ""Duplicado""; ""Único"")",Raiz > Menu SEC > Legislação Federal,Oculta,-,Secretaria da Pessoa com Deficiência > Menu SEC > Legislação Federal,,-,-,-,Página de Widget,-,-,-,1 Coluna
https://www.sepd.df.gov.br/menu-sec/lei-de-criacao/,,Manual,2,0,"=SE(CONT.SE(A:A; A3) > 1; ""Duplicado""; ""Único"")",Raiz > Menu SEC > Lei de Criação,Oculta,-,Secretaria da Pessoa com Deficiência > Menu SEC > Lei de Criação,,-,-,-,Página de Widget,-,-,-,1 Coluna
https://www.sepd.df.gov.br/menu-sec/resolucoes/,,Manual,2,0,"=SE(CONT.SE(A:A; A3) > 1; ""Duplicado""; ""Único"")",Raiz > Menu SEC > Resoluções,Oculta,-,Secretaria da Pessoa com Deficiência > Menu SEC > Resoluções,,-,-,-,Página de Widget,-,-,-,1 Coluna
https://www.sepd.df.gov.br/menu-sec/sobre-a-secretaria/,,Manual,2,0,"=SE(CONT.SE(A:A; A3) > 1; ""Duplicado""; ""Único"")",Raiz > Menu SEC > Sobre a Secretaria,Oculta,-,Secretaria da Pessoa com Deficiência > Menu SEC > Sobre a Secretaria,,-,-,-,Página de Widget,-,-,-,1 Coluna
https://www.sepd.df.gov.br/pagina-exemplo/historico/,,Manual,2,0,"=SE(CONT.SE(A:A; A3) > 1; ""Duplicado""; ""Único"")",Raiz > Página inicial > Histórico,Oculta,-,Secretaria da Pessoa com Deficiência > Página inicial > Histórico,,-,-,-,Página de Widget,-,-,-,1 Coluna
https://www.sepd.df.gov.br/ouvidoria/,,Manual,2,0,"=SE(CONT.SE(A:A; A3) > 1; ""Duplicado""; ""Único"")",Raiz > TRANSPARENCIA-4-BOTOES > Ouvidoria,Oculta,-,Secretaria da Pessoa com Deficiência > TRANSPARENCIA-4-BOTOES > Ouvidoria,,-,-,-,Página de Widget,-,-,-,1 Coluna
https://www.sepd.df.gov.br/portal-da-transparencia/,,Manual,2,0,"=SE(CONT.SE(A:A; A3) > 1; ""Duplicado""; ""Único"")",Raiz > TRANSPARENCIA-4-BOTOES > Portal da Transparência,Oculta,-,Secretaria da Pessoa com Deficiência > TRANSPARENCIA-4-BOTOES > Portal da Transparência,,-,-,-,Página de Widget,-,-,-,1 Coluna
https://www.sepd.df.gov.br/abertas-rematriculas-em-tres-centros-olimpicos-e-paralimpicos/,,Manual,2,0,"=SE(CONT.SE(A:A; A3) > 1; ""Duplicado""; ""Único"")",Raiz > Empregabilidade > Cadastro de Empregabilidade > Abertas rematrículas em três centros olímpicos e paralímpicos,Oculta,-,Secretaria da Pessoa com Deficiência > Empregabilidade > Cadastro de Empregabilidade > Abertas rematrículas em três centros olímpicos e paralímpicos,,-,-,-,Página de Widget,-,-,-,1 Coluna
https://www.sepd.df.gov.br/acordo-com-o-mp-do-trabalho-garante-emprego-para-pessoas-com-deficiencia/,,Manual,2,0,"=SE(CONT.SE(A:A; A3) > 1; ""Duplicado""; ""Único"")",Raiz > Empregabilidade > Cadastro de Empregabilidade > Acordo com o MP do Trabalho garante emprego para pessoas com deficiência,Oculta,-,Secretaria da Pessoa com Deficiência > Empregabilidade > Cadastro de Empregabilidade > Acordo com o MP do Trabalho garante emprego para pessoas com deficiência,,-,-,-,Página de Widget,-,-,-,1 Coluna
https://www.sepd.df.gov.br/auditorias/,,Manual,2,0,"=SE(CONT.SE(A:A; A3) > 1; ""Duplicado""; ""Único"")",Raiz > Empregabilidade > Cadastro de Empregabilidade > Auditorias,Oculta,-,Secretaria da Pessoa com Deficiência > Empregabilidade > Cadastro de Empregabilidade > Auditorias,,-,-,-,Página de Widget,-,-,-,1 Coluna
https://www.sepd.df.gov.br/central-de-intermediacao-em-libras-cil-gdf/,,Manual,2,0,"=SE(CONT.SE(A:A; A3) > 1; ""Duplicado""; ""Único"")",Raiz > Empregabilidade > Cadastro de Empregabilidade > CENTRAL DE INTERMEDIAÇÃO EM LIBRAS (CIL) – GDF,Oculta,-,Secretaria da Pessoa com Deficiência > Empregabilidade > Cadastro de Empregabilidade > CENTRAL DE INTERMEDIAÇÃO EM LIBRAS (CIL) – GDF,,-,-,-,Página de Widget,-,-,-,1 Coluna
https://www.sepd.df.gov.br/carreta-da-inclusao-projeto-itinerante-oferece-servicos-essenciais-e-experiencias-inclusivas-para-pessoas-com-deficiencia/,,Manual,2,0,"=SE(CONT.SE(A:A; A3) > 1; ""Duplicado""; ""Único"")",Raiz > Empregabilidade > Cadastro de Empregabilidade > Carreta da Inclusão: projeto itinerante oferece serviços essenciais e experiências inclusivas para pessoas com deficiência,Oculta,-,Secretaria da Pessoa com Deficiência > Empregabilidade > Cadastro de Empregabilidade > Carreta da Inclusão: projeto itinerante oferece serviços essenciais e experiências inclusivas para pessoas com deficiência,,-,-,-,Página de Widget,-,-,-,1 Coluna
https://www.sepd.df.gov.br/clipping-sepd-dia-25-de-outubro-de-2021/,,Manual,2,0,"=SE(CONT.SE(A:A; A3) > 1; ""Duplicado""; ""Único"")",Raiz > Empregabilidade > Cadastro de Empregabilidade > Clipping SEPD DF – dia 08 de novembro de 2021,Oculta,-,Secretaria da Pessoa com Deficiência > Empregabilidade > Cadastro de Empregabilidade > Clipping SEPD DF – dia 08 de novembro de 2021,,-,-,-,Página de Widget,-,-,-,1 Coluna
https://www.sepd.df.gov.br/clipping-de-noticias/,,Manual,2,0,"=SE(CONT.SE(A:A; A3) > 1; ""Duplicado""; ""Único"")",Raiz > Empregabilidade > Cadastro de Empregabilidade > Clipping de notícias,Oculta,-,Secretaria da Pessoa com Deficiência > Empregabilidade > Cadastro de Empregabilidade > Clipping de notícias,,-,-,-,Página de Widget,-,-,-,1 Coluna
https://www.sepd.df.gov.br/clipping-dia-08-de-novembro-de-2021/,,Manual,2,0,"=SE(CONT.SE(A:A; A3) > 1; ""Duplicado""; ""Único"")",Raiz > Empregabilidade > Cadastro de Empregabilidade > Clipping – dia 11 de novembro de 2021,Oculta,-,Secretaria da Pessoa com Deficiência > Empregabilidade > Cadastro de Empregabilidade > Clipping – dia 11 de novembro de 2021,,-,-,-,Página de Widget,-,-,-,1 Coluna
https://www.sepd.df.gov.br/conheca-a-lei/,,Manual,2,0,"=SE(CONT.SE(A:A; A3) > 1; ""Duplicado""; ""Único"")",Raiz > Empregabilidade > Cadastro de Empregabilidade > Conheça a Lei de Acesso à Informação,Oculta,-,Secretaria da Pessoa com Deficiência > Empregabilidade > Cadastro de Empregabilidade > Conheça a Lei de Acesso à Informação,,-,-,-,Página de Widget,-,-,-,1 Coluna
https://www.sepd.df.gov.br/sobre-contratos/,,Manual,2,1,"=SE(CONT.SE(A:A; A3) > 1; ""Duplicado""; ""Único"")",Raiz > Empregabilidade > Cadastro de Empregabilidade > Contratos,Oculta,-,Secretaria da Pessoa com Deficiência > Empregabilidade > Cadastro de Empregabilidade > Contratos,,-,-,-,Página de Widget,-,-,-,1 Coluna
https://www.sepd.df.gov.br/convenios/,,Manual,2,0,"=SE(CONT.SE(A:A; A3) > 1; ""Duplicado""; ""Único"")",Raiz > Empregabilidade > Cadastro de Empregabilidade > Convênios,Oculta,-,Secretaria da Pessoa com Deficiência > Empregabilidade > Cadastro de Empregabilidade > Convênios,,-,-,-,Página de Widget,-,-,-,1 Coluna
https://www.sepd.df.gov.br/df-acessivel-garante-transporte-gratuito-a-pessoas-com-deficiencias-severas/,,Manual,2,0,"=SE(CONT.SE(A:A; A3) > 1; ""Duplicado""; ""Único"")",Raiz > Empregabilidade > Cadastro de Empregabilidade > DF Acessível garante transporte gratuito a pessoas com deficiências severas,Oculta,-,Secretaria da Pessoa com Deficiência > Empregabilidade > Cadastro de Empregabilidade > DF Acessível garante transporte gratuito a pessoas com deficiências severas,,-,-,-,Página de Widget,-,-,-,1 Coluna
https://www.sepd.df.gov.br/df-institui-5-de-setembro-como-dia-da-cultura-surda/,,Manual,2,0,"=SE(CONT.SE(A:A; A3) > 1; ""Duplicado""; ""Único"")",Raiz > Empregabilidade > Cadastro de Empregabilidade > DF institui 5 de setembro como Dia da Cultura Surda,Oculta,-,Secretaria da Pessoa com Deficiência > Empregabilidade > Cadastro de Empregabilidade > DF institui 5 de setembro como Dia da Cultura Surda,,-,-,-,Página de Widget,-,-,-,1 Coluna
https://www.sepd.df.gov.br/sobre-despesas/,,Manual,8,0,"=SE(CONT.SE(A:A; A3) > 1; ""Duplicado""; ""Único"")",Raiz > Empregabilidade > Cadastro de Empregabilidade > Despesas,Oculta,-,Secretaria da Pessoa com Deficiência > Empregabilidade > Cadastro de Empregabilidade > Despesas,,-,Página com Colapsável,-,Página de Widget,-,-,-,1 Coluna
https://www.sepd.df.gov.br/direitos-e-beneficios-2/,,Manual,2,0,"=SE(CONT.SE(A:A; A3) > 1; ""Duplicado""; ""Único"")",Raiz > Empregabilidade > Cadastro de Empregabilidade > Direitos e Benefícios,Oculta,-,Secretaria da Pessoa com Deficiência > Empregabilidade > Cadastro de Empregabilidade > Direitos e Benefícios,,-,-,-,Página de Widget,-,-,-,1 Coluna
https://www.sepd.df.gov.br/direitos-e-beneficios/,,Manual,1,0,"=SE(CONT.SE(A:A; A3) > 1; ""Duplicado""; ""Único"")",Raiz > Empregabilidade > Cadastro de Empregabilidade > Direitos e Benefícios,Oculta,A Secretaria,Secretaria da Pessoa com Deficiência > Empregabilidade > Cadastro de Empregabilidade > Direitos e Benefícios,,-,-,-,Página de Widget,-,-,-,30/70
https://www.sepd.df.gov.br/https-sepd-df-gov-br-category-empregabilidade-cadastro-de-empregabilidade/,,Manual,2,0,"=SE(CONT.SE(A:A; A3) > 1; ""Duplicado""; ""Único"")",Raiz > Empregabilidade > Cadastro de Empregabilidade,Oculta,-,Secretaria da Pessoa com Deficiência > Empregabilidade > Cadastro de Empregabilidade > Empregabilidade,,-,-,-,Página de Widget,-,-,-,1 Coluna
https://www.sepd.df.gov.br/equiparado-valor-da-bolsa-atleta-de-esportistas-olimpicos-e-paralimpicos/,,Manual,2,0,"=SE(CONT.SE(A:A; A3) > 1; ""Duplicado""; ""Único"")",Raiz > Empregabilidade > Cadastro de Empregabilidade > Equiparado valor da Bolsa Atleta de esportistas olímpicos e paralímpicos,Oculta,-,Secretaria da Pessoa com Deficiência > Empregabilidade > Cadastro de Empregabilidade > Equiparado valor da Bolsa Atleta de esportistas olímpicos e paralímpicos,,-,-,-,Página de Widget,-,-,-,1 Coluna
https://www.sepd.df.gov.br/gdf-entrega-250-documentos-de-identificacao-para-pessoas-com-deficiencia/,,Manual,2,1,"=SE(CONT.SE(A:A; A3) > 1; ""Duplicado""; ""Único"")",Raiz > Empregabilidade > Cadastro de Empregabilidade > GDF entrega 250 documentos de identificação para pessoas com deficiência,Oculta,-,Secretaria da Pessoa com Deficiência > Empregabilidade > Cadastro de Empregabilidade > GDF entrega 250 documentos de identificação para pessoas com deficiência,,-,-,-,Página de Widget,-,-,-,1 Coluna
https://www.sepd.df.gov.br/historico-3/,,Manual,2,0,"=SE(CONT.SE(A:A; A3) > 1; ""Duplicado""; ""Único"")",Raiz > Empregabilidade > Cadastro de Empregabilidade > Histórico,Oculta,-,Secretaria da Pessoa com Deficiência > Empregabilidade > Cadastro de Empregabilidade > Histórico,,-,-,-,Página de Widget,-,-,-,1 Coluna
https://www.sepd.df.gov.br/historico/,,Manual,2,0,"=SE(CONT.SE(A:A; A3) > 1; ""Duplicado""; ""Único"")",Raiz > Empregabilidade > Cadastro de Empregabilidade > Histórico,Oculta,-,Secretaria da Pessoa com Deficiência > Empregabilidade > Cadastro de Empregabilidade > Histórico,,-,-,-,Página de Widget,-,-,-,1 Coluna
https://www.sepd.df.gov.br/informacoes-classificadas/,,Manual,2,0,"=SE(CONT.SE(A:A; A3) > 1; ""Duplicado""; ""Único"")",Raiz > Empregabilidade > Cadastro de Empregabilidade > Informações Classificadas,Oculta,-,Secretaria da Pessoa com Deficiência > Empregabilidade > Cadastro de Empregabilidade > Informações Classificadas,,-,-,-,Página de Widget,-,-,-,1 Coluna
https://www.sepd.df.gov.br/institucional/,,Manual,12,8,"=SE(CONT.SE(A:A; A3) > 1; ""Duplicado""; ""Único"")",Raiz > Empregabilidade > Cadastro de Empregabilidade > Institucional,Oculta,-,Secretaria da Pessoa com Deficiência > Empregabilidade > Cadastro de Empregabilidade > Institucional,,-,Página com Colapsável,-,Página de Widget,-,-,-,1 Coluna
https://www.sepd.df.gov.br/moradia-digna-para-cerca-de-300-pessoas-com-deficiencia/,,Manual,2,0,"=SE(CONT.SE(A:A; A3) > 1; ""Duplicado""; ""Único"")",Raiz > Empregabilidade > Cadastro de Empregabilidade > Moradia digna para cerca de 300 pessoas com deficiência,Oculta,-,Secretaria da Pessoa com Deficiência > Empregabilidade > Cadastro de Empregabilidade > Moradia digna para cerca de 300 pessoas com deficiência,,-,-,-,Página de Widget,-,-,-,1 Coluna
https://www.sepd.df.gov.br/nova-ferramenta-garante-atendimento-virtual-em-libras-em-tempo-integral/,,Manual,2,0,"=SE(CONT.SE(A:A; A3) > 1; ""Duplicado""; ""Único"")",Raiz > Empregabilidade > Cadastro de Empregabilidade > Nova ferramenta garante atendimento virtual em Libras em tempo integral,Oculta,-,Secretaria da Pessoa com Deficiência > Empregabilidade > Cadastro de Empregabilidade > Nova ferramenta garante atendimento virtual em Libras em tempo integral,,-,-,-,Página de Widget,-,-,-,1 Coluna
https://www.sepd.df.gov.br/novos-membros-do-conselho-de-defesa-dos-direitos-da-pessoa-com-deficiencia-tomam-posse/,,Manual,2,0,"=SE(CONT.SE(A:A; A3) > 1; ""Duplicado""; ""Único"")",Raiz > Empregabilidade > Cadastro de Empregabilidade > Novos membros do Conselho de Defesa dos Direitos da Pessoa com Deficiência tomam posse,Oculta,-,Secretaria da Pessoa com Deficiência > Empregabilidade > Cadastro de Empregabilidade > Novos membros do Conselho de Defesa dos Direitos da Pessoa com Deficiência tomam posse,,-,-,-,Página de Widget,-,-,-,1 Coluna
https://www.sepd.df.gov.br/perguntas-frequentes-da-lai/,,Manual,2,0,"=SE(CONT.SE(A:A; A3) > 1; ""Duplicado""; ""Único"")",Raiz > Empregabilidade > Cadastro de Empregabilidade > Perguntas Frequentes da LAI,Oculta,-,Secretaria da Pessoa com Deficiência > Empregabilidade > Cadastro de Empregabilidade > Perguntas Frequentes da LAI,,-,-,-,Página de Widget,-,-,-,1 Coluna
https://www.sepd.df.gov.br/pessoa-com-deficiencia-parcerias-fortalecidas-para-melhorar-atendimento/,,Manual,2,0,"=SE(CONT.SE(A:A; A3) > 1; ""Duplicado""; ""Único"")",Raiz > Empregabilidade > Cadastro de Empregabilidade > Pessoa com Deficiência: parcerias fortalecidas para melhorar atendimento,Oculta,-,Secretaria da Pessoa com Deficiência > Empregabilidade > Cadastro de Empregabilidade > Pessoa com Deficiência: parcerias fortalecidas para melhorar atendimento,,-,-,-,Página de Widget,-,-,-,1 Coluna
https://www.sepd.df.gov.br/pessoas-com-deficiencia-comemoram-conquistas-nas-politicas-publicas-do-df/,,Manual,2,0,"=SE(CONT.SE(A:A; A3) > 1; ""Duplicado""; ""Único"")",Raiz > Empregabilidade > Cadastro de Empregabilidade > Pessoas com deficiência comemoram conquistas nas políticas públicas do DF,Oculta,-,Secretaria da Pessoa com Deficiência > Empregabilidade > Cadastro de Empregabilidade > Pessoas com deficiência comemoram conquistas nas políticas públicas do DF,,-,-,-,Página de Widget,-,-,-,1 Coluna
https://www.sepd.df.gov.br/primeiro-atendimento-do-df-libras-ocorre-em-sobradinho/,,Manual,2,0,"=SE(CONT.SE(A:A; A3) > 1; ""Duplicado""; ""Único"")",Raiz > Empregabilidade > Cadastro de Empregabilidade > Primeiro atendimento do DF Libras ocorre em Sobradinho,Oculta,-,Secretaria da Pessoa com Deficiência > Empregabilidade > Cadastro de Empregabilidade > Primeiro atendimento do DF Libras ocorre em Sobradinho,,-,-,-,Página de Widget,-,-,-,1 Coluna
https://www.sepd.df.gov.br/regulamentado-cordao-de-girassol-para-identificacao-de-deficiencias-ocultas/,,Manual,2,0,"=SE(CONT.SE(A:A; A3) > 1; ""Duplicado""; ""Único"")",Raiz > Empregabilidade > Cadastro de Empregabilidade > Regulamentado cordão de girassol para identificação de deficiências ocultas,Oculta,-,Secretaria da Pessoa com Deficiência > Empregabilidade > Cadastro de Empregabilidade > Regulamentado cordão de girassol para identificação de deficiências ocultas,,-,-,-,Página de Widget,-,-,-,1 Coluna
https://www.sepd.df.gov.br/secretaria-da-pessoa-com-deficiencia-realiza-cadastramento-para-instituicoes-do-distrito-federal/,,Manual,2,0,"=SE(CONT.SE(A:A; A3) > 1; ""Duplicado""; ""Único"")",Raiz > Empregabilidade > Cadastro de Empregabilidade > Secretaria da Pessoa com Deficiência realiza cadastramento para instituições do DF,Oculta,-,Secretaria da Pessoa com Deficiência > Empregabilidade > Cadastro de Empregabilidade > Secretaria da Pessoa com Deficiência realiza cadastramento para instituições do DF,,-,-,-,Página de Widget,-,-,-,1 Coluna
https://www.sepd.df.gov.br/tutorial-de-orientacao-cadastramento-no-cad-pcd-do-df/,,Manual,2,1,"=SE(CONT.SE(A:A; A3) > 1; ""Duplicado""; ""Único"")",Raiz > Empregabilidade > Cadastro de Empregabilidade > Tutorial de Orientação Cadastramento no “Cad PcD do DF”,Oculta,-,Secretaria da Pessoa com Deficiência > Empregabilidade > Cadastro de Empregabilidade > Tutorial de Orientação Cadastramento no “Cad PcD do DF”,,-,-,-,Página de Widget,-,-,-,1 Coluna
https://www.sepd.df.gov.br/ubs-7-e-hospital-regional-do-gama-recebem-qr-codes-do-df-libras/,,Manual,2,0,"=SE(CONT.SE(A:A; A3) > 1; ""Duplicado""; ""Único"")",Raiz > Empregabilidade > Cadastro de Empregabilidade > UBS 7 e Hospital Regional do Gama recebem QR Codes do DF Libras,Oculta,-,Secretaria da Pessoa com Deficiência > Empregabilidade > Cadastro de Empregabilidade > UBS 7 e Hospital Regional do Gama recebem QR Codes do DF Libras,,-,-,-,Página de Widget,-,-,-,1 Coluna
https://www.sepd.df.gov.br/texto_lei_acesso_informacao/,,Manual,2,0,"=SE(CONT.SE(A:A; A3) > 1; ""Duplicado""; ""Único"")",Raiz > Empregabilidade > Cadastro de Empregabilidade > texto_lei_acesso_informacao,Oculta,-,Secretaria da Pessoa com Deficiência > Empregabilidade > Cadastro de Empregabilidade > texto_lei_acesso_informacao,,-,-,-,Página de Widget,-,-,-,1 Coluna
https://www.sepd.df.gov.br/menu-sec/lei-de-criacao/noticias-codeded/,,Manual,2,0,"=SE(CONT.SE(A:A; A3) > 1; ""Duplicado""; ""Único"")",Raiz > Menu SEC > Lei de Criação > Notícias Coddede,Oculta,-,Secretaria da Pessoa com Deficiência > Menu SEC > Lei de Criação > Notícias Coddede,,-,-,-,Página de Widget,-,-,-,1 Coluna
https://www.sepd.df.gov.br/menu-sec/sobre-a-secretaria/competencia/,,Manual,2,0,"=SE(CONT.SE(A:A; A3) > 1; ""Duplicado""; ""Único"")",Raiz > Menu SEC > Sobre a Secretaria > Competência,Oculta,-,Secretaria da Pessoa com Deficiência > Menu SEC > Sobre a Secretaria > Competência,,-,-,-,Página de Widget,-,-,-,1 Coluna
https://www.sepd.df.gov.br/menu-sec/sobre-a-secretaria/contatos/,,Manual,2,0,"=SE(CONT.SE(A:A; A3) > 1; ""Duplicado""; ""Único"")",Raiz > Menu SEC > Sobre a Secretaria > Contatos,Oculta,-,Secretaria da Pessoa com Deficiência > Menu SEC > Sobre a Secretaria > Contatos,,-,-,-,Página de Widget,-,-,-,1 Coluna
https://www.sepd.df.gov.br/menu-sec/sobre-a-secretaria/missao-visao-valores/,,Manual,2,0,"=SE(CONT.SE(A:A; A3) > 1; ""Duplicado""; ""Único"")",Raiz > Menu SEC > Sobre a Secretaria > Missão / Visão / Valores / Competência,Oculta,-,Secretaria da Pessoa com Deficiência > Menu SEC > Sobre a Secretaria > Missão / Visão / Valores / Competência,,-,-,-,Página de Widget,-,-,-,1 Coluna
https://www.sepd.df.gov.br/menu-sec/sobre-a-secretaria/perfil-da-secretaria/,,Manual,2,0,"=SE(CONT.SE(A:A; A3) > 1; ""Duplicado""; ""Único"")",Raiz > Menu SEC > Sobre a Secretaria > Perfil do Secretário,Oculta,-,Secretaria da Pessoa com Deficiência > Menu SEC > Sobre a Secretaria > Perfil do Secretário,,-,-,-,Página de Widget,-,-,-,1 Coluna
https://www.sepd.df.gov.br/menu-sec/sobre-a-secretaria/quem-e-quem/,,Manual,2,4,"=SE(CONT.SE(A:A; A3) > 1; ""Duplicado""; ""Único"")",Raiz > Menu SEC > Sobre a Secretaria > Quem é quem,Oculta,-,Secretaria da Pessoa com Deficiência > Menu SEC > Sobre a Secretaria > Quem é quem,,-,-,-,Página de Widget,-,-,-,1 Coluna
https://www.sepd.df.gov.br/menu-sec/sobre-a-secretaria/organograma-regimento/,,Manual,2,0,"=SE(CONT.SE(A:A; A3) > 1; ""Duplicado""; ""Único"")",Raiz > Menu SEC > Sobre a Secretaria > Regimento,Oculta,-,Secretaria da Pessoa com Deficiência > Menu SEC > Sobre a Secretaria > Regimento,,-,-,-,Página de Widget,-,-,-,1 Coluna
